id;number_content_doc;data_content_doc;data_content_doc_content_type
1;infrastructures e-markets Crest;../fake-data/blob/hipster.png;image/png
2;JBOD;../fake-data/blob/hipster.png;image/png
3;circuit Utah Rubber;../fake-data/blob/hipster.png;image/png
4;Director Berkshire Architect;../fake-data/blob/hipster.png;image/png
5;Personal Loan Account;../fake-data/blob/hipster.png;image/png
6;alliance purple Future;../fake-data/blob/hipster.png;image/png
7;Shirt Alaska FTP;../fake-data/blob/hipster.png;image/png
8;Common;../fake-data/blob/hipster.png;image/png
9;model Credit Card Account;../fake-data/blob/hipster.png;image/png
10;Ergonomic magnetic Coordinator;../fake-data/blob/hipster.png;image/png
