id;number_doc;title_doc;size_doc;mime_type_doc;desc_doc;content_doc_id;type_doc_id
1;Consultant Granite;parsing Money Market Account District;36197;Small Fresh Ball;Coordinator Investment Account;1;1
2;Borders CSS Fantastic Granite Gloves;AGP Incredible Granite Car;10338;Orchestrator Ergonomic functionalities;microchip;2;2
3;Palladium Licensed;CSS;63876;invoice;CSS Refined;3;3
4;disintermediate;hacking;87656;Investment Account TCP;content Outdoors;4;4
5;program Checking Account;Investment Account Track;66384;Danish Krone Integrated port;Fish wireless Ball;5;5
6;coherent;Investment Account proactive Gorgeous Soft Salad;88013;Pants Paradigm;Fish;6;6
7;Bedfordshire;bandwidth California Fall;84022;magenta;Berkshire Alaska Face to face;7;7
8;Awesome Frozen Hat connect Practical;system;7071;Seychelles Rupee;generate hack Facilitator;8;8
9;calculate circuit feed;intangible Gibraltar Pound Trinidad and Tobago;54707;Investment Account;SCSI;9;9
10;Operations UAE Dirham HTTP;support enhance;8539;budgetary management Technician payment;bandwidth;10;10
